{
   "lookup":[
      {
         "CATEGORY":"CNG",
         "NAME":"Dami",
         "LABEL":"dpark@triwest.com",
         "LTYPE":"CC",
         "ID":"42450436",
         "PARENT_ID":"13209224"
      },
      {
         "CATEGORY":"CNG",
         "NAME":"CNGREF",
         "LABEL":"Complaints and Grievance Reference Data",
         "LTYPE":"CNG",
         "ID":"13209067",
         "PARENT_ID":"0"
      },
      {
         "CATEGORY":"CNG",
         "NAME":"DELIVERYMETHOD",
         "LABEL":"Delivery Method",
         "LTYPE":"CNGREF",
         "ID":"13209218",
         "PARENT_ID":"13209067"
      },
      {
         "CATEGORY":"CNG",
         "NAME":"EMAIL",
         "LABEL":"Email",
         "LTYPE":"CNGREF",
         "ID":"13209221",
         "PARENT_ID":"13209067"
      },
      {
         "CATEGORY":"CNG",
         "NAME":"INCIDENTTYPE",
         "LABEL":"Incident Type",
         "LTYPE":"CNGREF",
         "ID":"13209216",
         "PARENT_ID":"13209067"
      },
      {
         "CATEGORY":"CNG",
         "NAME":"ISSUETYPE",
         "LABEL":"Issue Type",
         "LTYPE":"CNGREF",
         "ID":"13209209",
         "PARENT_ID":"13209067"
      },
      {
         "CATEGORY":"CNG",
         "NAME":"PRIMISSUETYPE",
         "LABEL":"Primary Issue Type",
         "LTYPE":"CNGREF",
         "ID":"13209078",
         "PARENT_ID":"13209067"
      },
      {
         "CATEGORY":"CNG",
         "NAME":"PROGRAMTYPE",
         "LABEL":"Program Type",
         "LTYPE":"CNGREF",
         "ID":"13209068",
         "PARENT_ID":"13209067"
      },
      {
         "CATEGORY":"CNG",
         "NAME":"SOURCEINCIDENT",
         "LABEL":"Source of Incident",
         "LTYPE":"CNGREF",
         "ID":"13209071",
         "PARENT_ID":"13209067"
      },
      {
         "CATEGORY":"COMMON",
         "NAME":"USSTATES",
         "LABEL":"USSTATES",
         "LTYPE":"COMMON",
         "ID":"100",
         "PARENT_ID":"0"
      },
      {
         "CATEGORY":"CNG",
         "NAME":"VERBALCALL",
         "LABEL":"Verbal (Call)",
         "LTYPE":"DELIVERYMETHOD",
         "ID":"13209220",
         "PARENT_ID":"13209218"
      },
      {
         "CATEGORY":"CNG",
         "NAME":"WRITENEMAIL",
         "LABEL":"Written (Email)",
         "LTYPE":"DELIVERYMETHOD",
         "ID":"13209219",
         "PARENT_ID":"13209218"
      },
      {
         "CATEGORY":"CNG",
         "NAME":"SUBJECTPREFIX",
         "LABEL":"[Secure] Complaint/Grievance Notification TriWest",
         "LTYPE":"EMAILDATA",
         "ID":"13209229",
         "PARENT_ID":"13209221"
      },
      {
         "CATEGORY":"CNG",
         "NAME":"BODY",
         "LABEL":"[TEST]  [Test Again] Please find the attached notification for a complaint received at TriWest. If you have any questions, please contact me at (602) 564-2027 or ggray@triwest.com.",
         "LTYPE":"EMAILDATA",
         "ID":"13209231",
         "PARENT_ID":"13209221"
      },
      {
         "CATEGORY":"CNG",
         "NAME":"CELLNUMBER",
         "LABEL":"602-349-4563",
         "LTYPE":"EMAILDATA",
         "ID":"13209227",
         "PARENT_ID":"13209221"
      },
      {
         "CATEGORY":"CNG",
         "NAME":"PHONENUMBER",
         "LABEL":"602-564-2027",
         "LTYPE":"EMAILDATA",
         "ID":"13209226",
         "PARENT_ID":"13209221"
      },
      {
         "CATEGORY":"CNG",
         "NAME":"FAXNUMBER",
         "LABEL":"602-564-2523",
         "LTYPE":"EMAILDATA",
         "ID":"13209228",
         "PARENT_ID":"13209221"
      },
      {
         "CATEGORY":"CNG",
         "NAME":"SENDERTITLE",
         "LABEL":"Director, Customer Care & Community Relations",
         "LTYPE":"EMAILDATA",
         "ID":"13209233",
         "PARENT_ID":"13209221"
      },
      {
         "CATEGORY":"CNG",
         "NAME":"TO",
         "LABEL":"dpark.ctr@TriWest.com;spark1.ctr@triwest.com",
         "LTYPE":"EMAILDATA",
         "ID":"13209223",
         "PARENT_ID":"13209221"
      },
      {
         "CATEGORY":"CNG",
         "NAME":"FROM",
         "LABEL":"ggray@triwest.com",
         "LTYPE":"EMAILDATA",
         "ID":"13209222",
         "PARENT_ID":"13209221"
      },
      {
         "CATEGORY":"CNG",
         "NAME":"SIGNATURE",
         "LABEL":"Glenn T. Gray",
         "LTYPE":"EMAILDATA",
         "ID":"13209225",
         "PARENT_ID":"13209221"
      },
      {
         "CATEGORY":"CNG",
         "NAME":"SALUTATION",
         "LABEL":"Sincerely,",
         "LTYPE":"EMAILDATA",
         "ID":"13209232",
         "PARENT_ID":"13209221"
      },
      {
         "CATEGORY":"CNG",
         "NAME":"FILENAMEPREFIX",
         "LABEL":"TriWest CHOICE Complaint-Grievance Notification",
         "LTYPE":"EMAILDATA",
         "ID":"13209230",
         "PARENT_ID":"13209221"
      },
      {
         "CATEGORY":"CNG",
         "NAME":"COMPANY",
         "LABEL":"TriWest Healthcare Alliance",
         "LTYPE":"EMAILDATA",
         "ID":"13209234",
         "PARENT_ID":"13209221"
      },
      {
         "CATEGORY":"CNG",
         "NAME":"CC",
         "LABEL":"wjacobs@TriWest.com",
         "LTYPE":"EMAILDATA",
         "ID":"13209224",
         "PARENT_ID":"13209221"
      },
      {
         "CATEGORY":"CNG",
         "NAME":"CGCS",
         "LABEL":"Complaints/Grievances/Customer Service",
         "LTYPE":"INCIDENTTYPE",
         "ID":"13209217",
         "PARENT_ID":"13209216"
      },
      {
         "CATEGORY":"CNG",
         "NAME":"BH",
         "LABEL":"Behavioral Health",
         "LTYPE":"ISSUEDEPT",
         "ID":"13209206",
         "PARENT_ID":"13209078"
      },
      {
         "CATEGORY":"CNG",
         "NAME":"CLAIMS",
         "LABEL":"Claims",
         "LTYPE":"ISSUEDEPT",
         "ID":"13209202",
         "PARENT_ID":"13209078"
      },
      {
         "CATEGORY":"CNG",
         "NAME":"CC",
         "LABEL":"Contact Center",
         "LTYPE":"ISSUEDEPT",
         "ID":"13209198",
         "PARENT_ID":"13209078"
      },
      {
         "CATEGORY":"CNG",
         "NAME":"ESCQC",
         "LABEL":"Escalations/QC",
         "LTYPE":"ISSUEDEPT",
         "ID":"13209204",
         "PARENT_ID":"13209078"
      },
      {
         "CATEGORY":"CNG",
         "NAME":"EXECUTIVE",
         "LABEL":"Executive",
         "LTYPE":"ISSUEDEPT",
         "ID":"13209207",
         "PARENT_ID":"13209078"
      },
      {
         "CATEGORY":"CNG",
         "NAME":"IT",
         "LABEL":"Information Technology",
         "LTYPE":"ISSUEDEPT",
         "ID":"13209208",
         "PARENT_ID":"13209078"
      },
      {
         "CATEGORY":"CNG",
         "NAME":"MEDMGT",
         "LABEL":"Medical Management",
         "LTYPE":"ISSUEDEPT",
         "ID":"13209200",
         "PARENT_ID":"13209078"
      },
      {
         "CATEGORY":"CNG",
         "NAME":"PROVSERV",
         "LABEL":"Provider Services",
         "LTYPE":"ISSUEDEPT",
         "ID":"13209203",
         "PARENT_ID":"13209078"
      },
      {
         "CATEGORY":"CNG",
         "NAME":"REGDIR",
         "LABEL":"Regional Director",
         "LTYPE":"ISSUEDEPT",
         "ID":"13209205",
         "PARENT_ID":"13209078"
      },
      {
         "CATEGORY":"CNG",
         "NAME":"SUTHERLAND",
         "LABEL":"SUTHERLAND",
         "LTYPE":"ISSUEDEPT",
         "ID":"13209199",
         "PARENT_ID":"13209078"
      },
      {
         "CATEGORY":"CNG",
         "NAME":"UTILMGT",
         "LABEL":"Utilization Management",
         "LTYPE":"ISSUEDEPT",
         "ID":"13209201",
         "PARENT_ID":"13209078"
      },
      {
         "CATEGORY":"CNG",
         "NAME":"OPSBEN",
         "LABEL":"OPS - Benefits",
         "LTYPE":"ISSUETYPE",
         "ID":"13209211",
         "PARENT_ID":"13209209"
      },
      {
         "CATEGORY":"CNG",
         "NAME":"OPSBH",
         "LABEL":"OPS - BH",
         "LTYPE":"ISSUETYPE",
         "ID":"13209210",
         "PARENT_ID":"13209209"
      },
      {
         "CATEGORY":"CNG",
         "NAME":"OPSCLAIM",
         "LABEL":"OPS - Claims",
         "LTYPE":"ISSUETYPE",
         "ID":"13209212",
         "PARENT_ID":"13209209"
      },
      {
         "CATEGORY":"CNG",
         "NAME":"OPSNETPROV",
         "LABEL":"OPS - Network Provider",
         "LTYPE":"ISSUETYPE",
         "ID":"13209213",
         "PARENT_ID":"13209209"
      },
      {
         "CATEGORY":"CNG",
         "NAME":"OPSREFAUTH",
         "LABEL":"OPS - Referral Authorization",
         "LTYPE":"ISSUETYPE",
         "ID":"13209214",
         "PARENT_ID":"13209209"
      },
      {
         "CATEGORY":"CNG",
         "NAME":"OPSTWCUSTSERV",
         "LABEL":"OPS - TriWest Customer Service",
         "LTYPE":"ISSUETYPE",
         "ID":"13209215",
         "PARENT_ID":"13209209"
      },
      {
         "CATEGORY":"CNG",
         "NAME":"APPOINTDELAY",
         "LABEL":"Appointing Delays",
         "LTYPE":"PRIMISSUETYPE",
         "ID":"13209080",
         "PARENT_ID":"13209078"
      },
      {
         "CATEGORY":"CNG",
         "NAME":"APPTPREFNOTFOLLOWED",
         "LABEL":"Appointment Preferences Not Followed",
         "LTYPE":"PRIMISSUETYPE",
         "ID":"13209096",
         "PARENT_ID":"13209078"
      },
      {
         "CATEGORY":"CNG",
         "NAME":"AUTHDELAY",
         "LABEL":"Authorization Delays",
         "LTYPE":"PRIMISSUETYPE",
         "ID":"13209082",
         "PARENT_ID":"13209078"
      },
      {
         "CATEGORY":"CNG",
         "NAME":"AUTODIALISSUES",
         "LABEL":"Autodial Issues",
         "LTYPE":"PRIMISSUETYPE",
         "ID":"13209102",
         "PARENT_ID":"13209078"
      },
      {
         "CATEGORY":"CNG",
         "NAME":"CHOICEBEN",
         "LABEL":"Choice Benefits",
         "LTYPE":"PRIMISSUETYPE",
         "ID":"13209093",
         "PARENT_ID":"13209078"
      },
      {
         "CATEGORY":"CNG",
         "NAME":"CHOICEELG",
         "LABEL":"Choice Eligibility",
         "LTYPE":"PRIMISSUETYPE",
         "ID":"13209083",
         "PARENT_ID":"13209078"
      },
      {
         "CATEGORY":"CNG",
         "NAME":"CLAIMPAYDELAY",
         "LABEL":"Claims Payment Delays",
         "LTYPE":"PRIMISSUETYPE",
         "ID":"13209086",
         "PARENT_ID":"13209078"
      },
      {
         "CATEGORY":"CNG",
         "NAME":"CONTINUITYOFCARE",
         "LABEL":"Continuity of Care",
         "LTYPE":"PRIMISSUETYPE",
         "ID":"13209095",
         "PARENT_ID":"13209078"
      },
      {
         "CATEGORY":"CNG",
         "NAME":"DENIEDCAREWRITTENAUTH",
         "LABEL":"Denied Care - Written Auth Not Received",
         "LTYPE":"PRIMISSUETYPE",
         "ID":"13209100",
         "PARENT_ID":"13209078"
      },
      {
         "CATEGORY":"CNG",
         "NAME":"DRIVETIME",
         "LABEL":"Drive Time",
         "LTYPE":"PRIMISSUETYPE",
         "ID":"13209091",
         "PARENT_ID":"13209078"
      },
      {
         "CATEGORY":"CNG",
         "NAME":"EXCESSWAITTIME",
         "LABEL":"Excessive Wait Time",
         "LTYPE":"PRIMISSUETYPE",
         "ID":"13209089",
         "PARENT_ID":"13209078"
      },
      {
         "CATEGORY":"CNG",
         "NAME":"INCORRECTPROVFORSERVICE",
         "LABEL":"Incorrect Provider for Service",
         "LTYPE":"PRIMISSUETYPE",
         "ID":"13209088",
         "PARENT_ID":"13209078"
      },
      {
         "CATEGORY":"CNG",
         "NAME":"PC3BEN",
         "LABEL":"PC3 Benefits",
         "LTYPE":"PRIMISSUETYPE",
         "ID":"13209090",
         "PARENT_ID":"13209078"
      },
      {
         "CATEGORY":"CNG",
         "NAME":"PROVCUSTSERV",
         "LABEL":"Provider Customer Service",
         "LTYPE":"PRIMISSUETYPE",
         "ID":"13209081",
         "PARENT_ID":"13209078"
      },
      {
         "CATEGORY":"CNG",
         "NAME":"PROVNONNETWORK",
         "LABEL":"Provider Non-network",
         "LTYPE":"PRIMISSUETYPE",
         "ID":"13209097",
         "PARENT_ID":"13209078"
      },
      {
         "CATEGORY":"CNG",
         "NAME":"PROVOFFICEPAPERWORKISSUE",
         "LABEL":"Provider Office Paperwork Issue",
         "LTYPE":"PRIMISSUETYPE",
         "ID":"13209094",
         "PARENT_ID":"13209078"
      },
      {
         "CATEGORY":"CNG",
         "NAME":"PROVPREPAYORBALBILL",
         "LABEL":"Provider Prepayment or Balance Billing",
         "LTYPE":"PRIMISSUETYPE",
         "ID":"13209087",
         "PARENT_ID":"13209078"
      },
      {
         "CATEGORY":"CNG",
         "NAME":"QUALPROVCARE",
         "LABEL":"Quality of Provider Care",
         "LTYPE":"PRIMISSUETYPE",
         "ID":"13209085",
         "PARENT_ID":"13209078"
      },
      {
         "CATEGORY":"CNG",
         "NAME":"QUALOFPROVFACILITY",
         "LABEL":"Quality of Provider Facility",
         "LTYPE":"PRIMISSUETYPE",
         "ID":"13209092",
         "PARENT_ID":"13209078"
      },
      {
         "CATEGORY":"CNG",
         "NAME":"SARDELAY",
         "LABEL":"SARs Delays",
         "LTYPE":"PRIMISSUETYPE",
         "ID":"13209084",
         "PARENT_ID":"13209078"
      },
      {
         "CATEGORY":"CNG",
         "NAME":"TWCS",
         "LABEL":"TW Customer Service",
         "LTYPE":"PRIMISSUETYPE",
         "ID":"13209079",
         "PARENT_ID":"13209078"
      },
      {
         "CATEGORY":"CNG",
         "NAME":"UNFAMILIARYWITHCHOICE",
         "LABEL":"Unfamiliar with Choice Program",
         "LTYPE":"PRIMISSUETYPE",
         "ID":"13209098",
         "PARENT_ID":"13209078"
      },
      {
         "CATEGORY":"CNG",
         "NAME":"UNFAMILIARYWITHPC3",
         "LABEL":"Unfamiliar with PC3 Program",
         "LTYPE":"PRIMISSUETYPE",
         "ID":"13209099",
         "PARENT_ID":"13209078"
      },
      {
         "CATEGORY":"CNG",
         "NAME":"VETBEHAVIOR",
         "LABEL":"Veteran Behavior",
         "LTYPE":"PRIMISSUETYPE",
         "ID":"13209101",
         "PARENT_ID":"13209078"
      },
      {
         "CATEGORY":"CNG",
         "NAME":"DEPTREQFL",
         "LABEL":"false",
         "LTYPE":"PRIMISSUETYPEATTR",
         "ID":"13209114",
         "PARENT_ID":"13209081"
      },
      {
         "CATEGORY":"CNG",
         "NAME":"DEPTREQFL",
         "LABEL":"false",
         "LTYPE":"PRIMISSUETYPEATTR",
         "ID":"13209123",
         "PARENT_ID":"13209083"
      },
      {
         "CATEGORY":"CNG",
         "NAME":"DEPTREQFL",
         "LABEL":"false",
         "LTYPE":"PRIMISSUETYPEATTR",
         "ID":"13209132",
         "PARENT_ID":"13209085"
      },
      {
         "CATEGORY":"CNG",
         "NAME":"DEPTREQFL",
         "LABEL":"false",
         "LTYPE":"PRIMISSUETYPEATTR",
         "ID":"13209140",
         "PARENT_ID":"13209087"
      },
      {
         "CATEGORY":"CNG",
         "NAME":"DEPTREQFL",
         "LABEL":"false",
         "LTYPE":"PRIMISSUETYPEATTR",
         "ID":"13209159",
         "PARENT_ID":"13209092"
      },
      {
         "CATEGORY":"CNG",
         "NAME":"DEPTREQFL",
         "LABEL":"false",
         "LTYPE":"PRIMISSUETYPEATTR",
         "ID":"13209162",
         "PARENT_ID":"13209093"
      },
      {
         "CATEGORY":"CNG",
         "NAME":"DEPTREQFL",
         "LABEL":"false",
         "LTYPE":"PRIMISSUETYPEATTR",
         "ID":"13209180",
         "PARENT_ID":"13209097"
      },
      {
         "CATEGORY":"CNG",
         "NAME":"DEPTREQFL",
         "LABEL":"false",
         "LTYPE":"PRIMISSUETYPEATTR",
         "ID":"13209183",
         "PARENT_ID":"13209098"
      },
      {
         "CATEGORY":"CNG",
         "NAME":"DEPTREQFL",
         "LABEL":"false",
         "LTYPE":"PRIMISSUETYPEATTR",
         "ID":"13209186",
         "PARENT_ID":"13209099"
      },
      {
         "CATEGORY":"CNG",
         "NAME":"DEPTREQFL",
         "LABEL":"false",
         "LTYPE":"PRIMISSUETYPEATTR",
         "ID":"13209195",
         "PARENT_ID":"13209101"
      },
      {
         "CATEGORY":"CNG",
         "NAME":"DEPTREQFL",
         "LABEL":"false",
         "LTYPE":"PRIMISSUETYPEATTR",
         "ID":"13209197",
         "PARENT_ID":"13209102"
      },
      {
         "CATEGORY":"CNG",
         "NAME":"DEPTREQFL",
         "LABEL":"false",
         "LTYPE":"PRIMISSUETYPEATTR",
         "ID":"13209148",
         "PARENT_ID":"13209089"
      },
      {
         "CATEGORY":"CNG",
         "NAME":"DEPTREQFL",
         "LABEL":"false",
         "LTYPE":"PRIMISSUETYPEATTR",
         "ID":"13209151",
         "PARENT_ID":"13209090"
      },
      {
         "CATEGORY":"CNG",
         "NAME":"DEPTREQFL",
         "LABEL":"true",
         "LTYPE":"PRIMISSUETYPEATTR",
         "ID":"13209156",
         "PARENT_ID":"13209091"
      },
      {
         "CATEGORY":"CNG",
         "NAME":"DEPTREQFL",
         "LABEL":"true",
         "LTYPE":"PRIMISSUETYPEATTR",
         "ID":"13209191",
         "PARENT_ID":"13209100"
      },
      {
         "CATEGORY":"CNG",
         "NAME":"DEPTREQFL",
         "LABEL":"true",
         "LTYPE":"PRIMISSUETYPEATTR",
         "ID":"13209167",
         "PARENT_ID":"13209094"
      },
      {
         "CATEGORY":"CNG",
         "NAME":"DEPTREQFL",
         "LABEL":"true",
         "LTYPE":"PRIMISSUETYPEATTR",
         "ID":"13209172",
         "PARENT_ID":"13209095"
      },
      {
         "CATEGORY":"CNG",
         "NAME":"DEPTREQFL",
         "LABEL":"true",
         "LTYPE":"PRIMISSUETYPEATTR",
         "ID":"13209177",
         "PARENT_ID":"13209096"
      },
      {
         "CATEGORY":"CNG",
         "NAME":"DEPTREQFL",
         "LABEL":"true",
         "LTYPE":"PRIMISSUETYPEATTR",
         "ID":"13209145",
         "PARENT_ID":"13209088"
      },
      {
         "CATEGORY":"CNG",
         "NAME":"DEPTREQFL",
         "LABEL":"true",
         "LTYPE":"PRIMISSUETYPEATTR",
         "ID":"13209137",
         "PARENT_ID":"13209086"
      },
      {
         "CATEGORY":"CNG",
         "NAME":"DEPTREQFL",
         "LABEL":"true",
         "LTYPE":"PRIMISSUETYPEATTR",
         "ID":"13209129",
         "PARENT_ID":"13209084"
      },
      {
         "CATEGORY":"CNG",
         "NAME":"DEPTREQFL",
         "LABEL":"true",
         "LTYPE":"PRIMISSUETYPEATTR",
         "ID":"13209120",
         "PARENT_ID":"13209082"
      },
      {
         "CATEGORY":"CNG",
         "NAME":"DEPTREQFL",
         "LABEL":"true",
         "LTYPE":"PRIMISSUETYPEATTR",
         "ID":"13209105",
         "PARENT_ID":"13209079"
      },
      {
         "CATEGORY":"CNG",
         "NAME":"DEPTREQFL",
         "LABEL":"true",
         "LTYPE":"PRIMISSUETYPEATTR",
         "ID":"13209111",
         "PARENT_ID":"13209080"
      },
      {
         "CATEGORY":"CNG",
         "NAME":"PC3",
         "LABEL":"PC3",
         "LTYPE":"PROGRAMTYPE",
         "ID":"13209069",
         "PARENT_ID":"13209068"
      },
      {
         "CATEGORY":"CNG",
         "NAME":"VETCHOICE",
         "LABEL":"Vet Choice",
         "LTYPE":"PROGRAMTYPE",
         "ID":"13209070",
         "PARENT_ID":"13209068"
      },
      {
         "CATEGORY":"CNG",
         "NAME":"HEC",
         "LABEL":"HEC",
         "LTYPE":"SECISSUETYPE",
         "ID":"13209108",
         "PARENT_ID":"13209080"
      },
      {
         "CATEGORY":"CNG",
         "NAME":"HEC",
         "LABEL":"HEC",
         "LTYPE":"SECISSUETYPE",
         "ID":"13209117",
         "PARENT_ID":"13209082"
      },
      {
         "CATEGORY":"CNG",
         "NAME":"HEC",
         "LABEL":"HEC",
         "LTYPE":"SECISSUETYPE",
         "ID":"13209122",
         "PARENT_ID":"13209083"
      },
      {
         "CATEGORY":"CNG",
         "NAME":"HEC",
         "LABEL":"HEC",
         "LTYPE":"SECISSUETYPE",
         "ID":"13209126",
         "PARENT_ID":"13209084"
      },
      {
         "CATEGORY":"CNG",
         "NAME":"NOSUBST",
         "LABEL":"Non-Substantiated",
         "LTYPE":"SECISSUETYPE",
         "ID":"13209131",
         "PARENT_ID":"13209085"
      },
      {
         "CATEGORY":"CNG",
         "NAME":"NOSUBST",
         "LABEL":"Non-Substantiated",
         "LTYPE":"SECISSUETYPE",
         "ID":"13209139",
         "PARENT_ID":"13209087"
      },
      {
         "CATEGORY":"CNG",
         "NAME":"NOSUBST",
         "LABEL":"Non-Substantiated",
         "LTYPE":"SECISSUETYPE",
         "ID":"13209113",
         "PARENT_ID":"13209081"
      },
      {
         "CATEGORY":"CNG",
         "NAME":"NOSUBST",
         "LABEL":"Non-Substantiated",
         "LTYPE":"SECISSUETYPE",
         "ID":"13209147",
         "PARENT_ID":"13209089"
      },
      {
         "CATEGORY":"CNG",
         "NAME":"NOSUBST",
         "LABEL":"Non-Substantiated",
         "LTYPE":"SECISSUETYPE",
         "ID":"13209150",
         "PARENT_ID":"13209090"
      },
      {
         "CATEGORY":"CNG",
         "NAME":"NOSUBST",
         "LABEL":"Non-Substantiated",
         "LTYPE":"SECISSUETYPE",
         "ID":"13209158",
         "PARENT_ID":"13209092"
      },
      {
         "CATEGORY":"CNG",
         "NAME":"NOSUBST",
         "LABEL":"Non-Substantiated",
         "LTYPE":"SECISSUETYPE",
         "ID":"13209161",
         "PARENT_ID":"13209093"
      },
      {
         "CATEGORY":"CNG",
         "NAME":"NOSUBST",
         "LABEL":"Non-Substantiated",
         "LTYPE":"SECISSUETYPE",
         "ID":"13209179",
         "PARENT_ID":"13209097"
      },
      {
         "CATEGORY":"CNG",
         "NAME":"NOSUBST",
         "LABEL":"Non-Substantiated",
         "LTYPE":"SECISSUETYPE",
         "ID":"13209182",
         "PARENT_ID":"13209098"
      },
      {
         "CATEGORY":"CNG",
         "NAME":"NOSUBST",
         "LABEL":"Non-Substantiated",
         "LTYPE":"SECISSUETYPE",
         "ID":"13209185",
         "PARENT_ID":"13209099"
      },
      {
         "CATEGORY":"CNG",
         "NAME":"NOSUBST",
         "LABEL":"Non-Substantiated",
         "LTYPE":"SECISSUETYPE",
         "ID":"13209104",
         "PARENT_ID":"13209079"
      },
      {
         "CATEGORY":"CNG",
         "NAME":"PROV",
         "LABEL":"Provider",
         "LTYPE":"SECISSUETYPE",
         "ID":"13209109",
         "PARENT_ID":"13209080"
      },
      {
         "CATEGORY":"CNG",
         "NAME":"PROV",
         "LABEL":"Provider",
         "LTYPE":"SECISSUETYPE",
         "ID":"13209189",
         "PARENT_ID":"13209100"
      },
      {
         "CATEGORY":"CNG",
         "NAME":"PROV",
         "LABEL":"Provider",
         "LTYPE":"SECISSUETYPE",
         "ID":"13209170",
         "PARENT_ID":"13209095"
      },
      {
         "CATEGORY":"CNG",
         "NAME":"PROV",
         "LABEL":"Provider",
         "LTYPE":"SECISSUETYPE",
         "ID":"13209175",
         "PARENT_ID":"13209096"
      },
      {
         "CATEGORY":"CNG",
         "NAME":"PROV",
         "LABEL":"Provider",
         "LTYPE":"SECISSUETYPE",
         "ID":"13209165",
         "PARENT_ID":"13209094"
      },
      {
         "CATEGORY":"CNG",
         "NAME":"PROV",
         "LABEL":"Provider",
         "LTYPE":"SECISSUETYPE",
         "ID":"13209154",
         "PARENT_ID":"13209091"
      },
      {
         "CATEGORY":"CNG",
         "NAME":"PROV",
         "LABEL":"Provider",
         "LTYPE":"SECISSUETYPE",
         "ID":"13209143",
         "PARENT_ID":"13209088"
      },
      {
         "CATEGORY":"CNG",
         "NAME":"PROV",
         "LABEL":"Provider",
         "LTYPE":"SECISSUETYPE",
         "ID":"13209135",
         "PARENT_ID":"13209086"
      },
      {
         "CATEGORY":"CNG",
         "NAME":"PROV",
         "LABEL":"Provider",
         "LTYPE":"SECISSUETYPE",
         "ID":"13209127",
         "PARENT_ID":"13209084"
      },
      {
         "CATEGORY":"CNG",
         "NAME":"PROV",
         "LABEL":"Provider",
         "LTYPE":"SECISSUETYPE",
         "ID":"13209118",
         "PARENT_ID":"13209082"
      },
      {
         "CATEGORY":"CNG",
         "NAME":"PROVFOCUS",
         "LABEL":"Provider-Focused",
         "LTYPE":"SECISSUETYPE",
         "ID":"13209193",
         "PARENT_ID":"13209101"
      },
      {
         "CATEGORY":"CNG",
         "NAME":"SUBST",
         "LABEL":"Substantiated",
         "LTYPE":"SECISSUETYPE",
         "ID":"13209112",
         "PARENT_ID":"13209081"
      },
      {
         "CATEGORY":"CNG",
         "NAME":"SUBST",
         "LABEL":"Substantiated",
         "LTYPE":"SECISSUETYPE",
         "ID":"13209103",
         "PARENT_ID":"13209079"
      },
      {
         "CATEGORY":"CNG",
         "NAME":"SUBST",
         "LABEL":"Substantiated",
         "LTYPE":"SECISSUETYPE",
         "ID":"13209130",
         "PARENT_ID":"13209085"
      },
      {
         "CATEGORY":"CNG",
         "NAME":"SUBST",
         "LABEL":"Substantiated",
         "LTYPE":"SECISSUETYPE",
         "ID":"13209138",
         "PARENT_ID":"13209087"
      },
      {
         "CATEGORY":"CNG",
         "NAME":"SUBST",
         "LABEL":"Substantiated",
         "LTYPE":"SECISSUETYPE",
         "ID":"13209146",
         "PARENT_ID":"13209089"
      },
      {
         "CATEGORY":"CNG",
         "NAME":"SUBST",
         "LABEL":"Substantiated",
         "LTYPE":"SECISSUETYPE",
         "ID":"13209149",
         "PARENT_ID":"13209090"
      },
      {
         "CATEGORY":"CNG",
         "NAME":"SUBST",
         "LABEL":"Substantiated",
         "LTYPE":"SECISSUETYPE",
         "ID":"13209160",
         "PARENT_ID":"13209093"
      },
      {
         "CATEGORY":"CNG",
         "NAME":"SUBST",
         "LABEL":"Substantiated",
         "LTYPE":"SECISSUETYPE",
         "ID":"13209184",
         "PARENT_ID":"13209099"
      },
      {
         "CATEGORY":"CNG",
         "NAME":"SUBST",
         "LABEL":"Substantiated",
         "LTYPE":"SECISSUETYPE",
         "ID":"13209181",
         "PARENT_ID":"13209098"
      },
      {
         "CATEGORY":"CNG",
         "NAME":"SUBST",
         "LABEL":"Substantiated",
         "LTYPE":"SECISSUETYPE",
         "ID":"13209157",
         "PARENT_ID":"13209092"
      },
      {
         "CATEGORY":"CNG",
         "NAME":"SUBST",
         "LABEL":"Substantiated",
         "LTYPE":"SECISSUETYPE",
         "ID":"13209178",
         "PARENT_ID":"13209097"
      },
      {
         "CATEGORY":"CNG",
         "NAME":"TW",
         "LABEL":"TriWest",
         "LTYPE":"SECISSUETYPE",
         "ID":"13209187",
         "PARENT_ID":"13209100"
      },
      {
         "CATEGORY":"CNG",
         "NAME":"TW",
         "LABEL":"TriWest",
         "LTYPE":"SECISSUETYPE",
         "ID":"13209173",
         "PARENT_ID":"13209096"
      },
      {
         "CATEGORY":"CNG",
         "NAME":"TW",
         "LABEL":"TriWest",
         "LTYPE":"SECISSUETYPE",
         "ID":"13209168",
         "PARENT_ID":"13209095"
      },
      {
         "CATEGORY":"CNG",
         "NAME":"TW",
         "LABEL":"TriWest",
         "LTYPE":"SECISSUETYPE",
         "ID":"13209163",
         "PARENT_ID":"13209094"
      },
      {
         "CATEGORY":"CNG",
         "NAME":"TW",
         "LABEL":"TriWest",
         "LTYPE":"SECISSUETYPE",
         "ID":"13209152",
         "PARENT_ID":"13209091"
      },
      {
         "CATEGORY":"CNG",
         "NAME":"TW",
         "LABEL":"TriWest",
         "LTYPE":"SECISSUETYPE",
         "ID":"13209133",
         "PARENT_ID":"13209086"
      },
      {
         "CATEGORY":"CNG",
         "NAME":"TW",
         "LABEL":"TriWest",
         "LTYPE":"SECISSUETYPE",
         "ID":"13209141",
         "PARENT_ID":"13209088"
      },
      {
         "CATEGORY":"CNG",
         "NAME":"TW",
         "LABEL":"TriWest",
         "LTYPE":"SECISSUETYPE",
         "ID":"13209124",
         "PARENT_ID":"13209084"
      },
      {
         "CATEGORY":"CNG",
         "NAME":"TW",
         "LABEL":"TriWest",
         "LTYPE":"SECISSUETYPE",
         "ID":"13209115",
         "PARENT_ID":"13209082"
      },
      {
         "CATEGORY":"CNG",
         "NAME":"TW",
         "LABEL":"TriWest",
         "LTYPE":"SECISSUETYPE",
         "ID":"13209106",
         "PARENT_ID":"13209080"
      },
      {
         "CATEGORY":"CNG",
         "NAME":"TW",
         "LABEL":"TriWest",
         "LTYPE":"SECISSUETYPE",
         "ID":"13209196",
         "PARENT_ID":"13209102"
      },
      {
         "CATEGORY":"CNG",
         "NAME":"TWFOCUS",
         "LABEL":"TriWest-Focused",
         "LTYPE":"SECISSUETYPE",
         "ID":"13209192",
         "PARENT_ID":"13209101"
      },
      {
         "CATEGORY":"CNG",
         "NAME":"VAFOCUS",
         "LABEL":"VA-Focused",
         "LTYPE":"SECISSUETYPE",
         "ID":"13209194",
         "PARENT_ID":"13209101"
      },
      {
         "CATEGORY":"CNG",
         "NAME":"VAMC",
         "LABEL":"VAMC",
         "LTYPE":"SECISSUETYPE",
         "ID":"13209107",
         "PARENT_ID":"13209080"
      },
      {
         "CATEGORY":"CNG",
         "NAME":"VAMC",
         "LABEL":"VAMC",
         "LTYPE":"SECISSUETYPE",
         "ID":"13209116",
         "PARENT_ID":"13209082"
      },
      {
         "CATEGORY":"CNG",
         "NAME":"VAMC",
         "LABEL":"VAMC",
         "LTYPE":"SECISSUETYPE",
         "ID":"13209125",
         "PARENT_ID":"13209084"
      },
      {
         "CATEGORY":"CNG",
         "NAME":"VAMC",
         "LABEL":"VAMC",
         "LTYPE":"SECISSUETYPE",
         "ID":"13209142",
         "PARENT_ID":"13209088"
      },
      {
         "CATEGORY":"CNG",
         "NAME":"VAMC",
         "LABEL":"VAMC",
         "LTYPE":"SECISSUETYPE",
         "ID":"13209121",
         "PARENT_ID":"13209083"
      },
      {
         "CATEGORY":"CNG",
         "NAME":"VAMC",
         "LABEL":"VAMC",
         "LTYPE":"SECISSUETYPE",
         "ID":"13209153",
         "PARENT_ID":"13209091"
      },
      {
         "CATEGORY":"CNG",
         "NAME":"VAMC",
         "LABEL":"VAMC",
         "LTYPE":"SECISSUETYPE",
         "ID":"13209164",
         "PARENT_ID":"13209094"
      },
      {
         "CATEGORY":"CNG",
         "NAME":"VAMC",
         "LABEL":"VAMC",
         "LTYPE":"SECISSUETYPE",
         "ID":"13209169",
         "PARENT_ID":"13209095"
      },
      {
         "CATEGORY":"CNG",
         "NAME":"VAMC",
         "LABEL":"VAMC",
         "LTYPE":"SECISSUETYPE",
         "ID":"13209174",
         "PARENT_ID":"13209096"
      },
      {
         "CATEGORY":"CNG",
         "NAME":"VAMC",
         "LABEL":"VAMC",
         "LTYPE":"SECISSUETYPE",
         "ID":"13209188",
         "PARENT_ID":"13209100"
      },
      {
         "CATEGORY":"CNG",
         "NAME":"VET",
         "LABEL":"Veteran",
         "LTYPE":"SECISSUETYPE",
         "ID":"13209176",
         "PARENT_ID":"13209096"
      },
      {
         "CATEGORY":"CNG",
         "NAME":"VET",
         "LABEL":"Veteran",
         "LTYPE":"SECISSUETYPE",
         "ID":"13209171",
         "PARENT_ID":"13209095"
      },
      {
         "CATEGORY":"CNG",
         "NAME":"VET",
         "LABEL":"Veteran",
         "LTYPE":"SECISSUETYPE",
         "ID":"13209166",
         "PARENT_ID":"13209094"
      },
      {
         "CATEGORY":"CNG",
         "NAME":"VET",
         "LABEL":"Veteran",
         "LTYPE":"SECISSUETYPE",
         "ID":"13209155",
         "PARENT_ID":"13209091"
      },
      {
         "CATEGORY":"CNG",
         "NAME":"VET",
         "LABEL":"Veteran",
         "LTYPE":"SECISSUETYPE",
         "ID":"13209144",
         "PARENT_ID":"13209088"
      },
      {
         "CATEGORY":"CNG",
         "NAME":"VET",
         "LABEL":"Veteran",
         "LTYPE":"SECISSUETYPE",
         "ID":"13209136",
         "PARENT_ID":"13209086"
      },
      {
         "CATEGORY":"CNG",
         "NAME":"VET",
         "LABEL":"Veteran",
         "LTYPE":"SECISSUETYPE",
         "ID":"13209128",
         "PARENT_ID":"13209084"
      },
      {
         "CATEGORY":"CNG",
         "NAME":"VET",
         "LABEL":"Veteran",
         "LTYPE":"SECISSUETYPE",
         "ID":"13209119",
         "PARENT_ID":"13209082"
      },
      {
         "CATEGORY":"CNG",
         "NAME":"VET",
         "LABEL":"Veteran",
         "LTYPE":"SECISSUETYPE",
         "ID":"13209110",
         "PARENT_ID":"13209080"
      },
      {
         "CATEGORY":"CNG",
         "NAME":"VET",
         "LABEL":"Veteran",
         "LTYPE":"SECISSUETYPE",
         "ID":"13209190",
         "PARENT_ID":"13209100"
      },
      {
         "CATEGORY":"CNG",
         "NAME":"WPS",
         "LABEL":"WPS",
         "LTYPE":"SECISSUETYPE",
         "ID":"13209134",
         "PARENT_ID":"13209086"
      },
      {
         "CATEGORY":"CNG",
         "NAME":"CONGRESSIONAL",
         "LABEL":"Congressional",
         "LTYPE":"SOURCEINCIDENT",
         "ID":"13209074",
         "PARENT_ID":"13209071"
      },
      {
         "CATEGORY":"CNG",
         "NAME":"CONTRACTOR",
         "LABEL":"Contractor",
         "LTYPE":"SOURCEINCIDENT",
         "ID":"13209077",
         "PARENT_ID":"13209071"
      },
      {
         "CATEGORY":"CNG",
         "NAME":"FRIENDRELATIVE",
         "LABEL":"Friend/Relative",
         "LTYPE":"SOURCEINCIDENT",
         "ID":"13209075",
         "PARENT_ID":"13209071"
      },
      {
         "CATEGORY":"CNG",
         "NAME":"PROVIDER",
         "LABEL":"Provider",
         "LTYPE":"SOURCEINCIDENT",
         "ID":"13209076",
         "PARENT_ID":"13209071"
      },
      {
         "CATEGORY":"CNG",
         "NAME":"VAMC",
         "LABEL":"VAMC",
         "LTYPE":"SOURCEINCIDENT",
         "ID":"13209073",
         "PARENT_ID":"13209071"
      },
      {
         "CATEGORY":"CNG",
         "NAME":"VETERAN",
         "LABEL":"Veteran",
         "LTYPE":"SOURCEINCIDENT",
         "ID":"13209072",
         "PARENT_ID":"13209071"
      },
      {
         "CATEGORY":"COMMON",
         "NAME":"AL",
         "LABEL":"Alabama",
         "LTYPE":"USSTATES",
         "ID":"101",
         "PARENT_ID":"100"
      },
      {
         "CATEGORY":"COMMON",
         "NAME":"AK",
         "LABEL":"Alaska",
         "LTYPE":"USSTATES",
         "ID":"102",
         "PARENT_ID":"100"
      },
      {
         "CATEGORY":"COMMON",
         "NAME":"AS",
         "LABEL":"American Samoa",
         "LTYPE":"USSTATES",
         "ID":"500",
         "PARENT_ID":"100"
      },
      {
         "CATEGORY":"COMMON",
         "NAME":"AZ",
         "LABEL":"Arizona",
         "LTYPE":"USSTATES",
         "ID":"103",
         "PARENT_ID":"100"
      },
      {
         "CATEGORY":"COMMON",
         "NAME":"AR",
         "LABEL":"Arkansas",
         "LTYPE":"USSTATES",
         "ID":"104",
         "PARENT_ID":"100"
      },
      {
         "CATEGORY":"COMMON",
         "NAME":"AE",
         "LABEL":"Armed Forces Europe",
         "LTYPE":"USSTATES",
         "ID":"498",
         "PARENT_ID":"100"
      },
      {
         "CATEGORY":"COMMON",
         "NAME":"AP",
         "LABEL":"Armed Forces Pacific",
         "LTYPE":"USSTATES",
         "ID":"499",
         "PARENT_ID":"100"
      },
      {
         "CATEGORY":"COMMON",
         "NAME":"AA",
         "LABEL":"Armed Forces the Americas",
         "LTYPE":"USSTATES",
         "ID":"497",
         "PARENT_ID":"100"
      },
      {
         "CATEGORY":"COMMON",
         "NAME":"CA",
         "LABEL":"California",
         "LTYPE":"USSTATES",
         "ID":"105",
         "PARENT_ID":"100"
      },
      {
         "CATEGORY":"COMMON",
         "NAME":"CO",
         "LABEL":"Colorado",
         "LTYPE":"USSTATES",
         "ID":"106",
         "PARENT_ID":"100"
      },
      {
         "CATEGORY":"COMMON",
         "NAME":"CT",
         "LABEL":"Connecticut",
         "LTYPE":"USSTATES",
         "ID":"107",
         "PARENT_ID":"100"
      },
      {
         "CATEGORY":"COMMON",
         "NAME":"DE",
         "LABEL":"Delaware",
         "LTYPE":"USSTATES",
         "ID":"108",
         "PARENT_ID":"100"
      },
      {
         "CATEGORY":"COMMON",
         "NAME":"DC",
         "LABEL":"District of Columbia",
         "LTYPE":"USSTATES",
         "ID":"151",
         "PARENT_ID":"100"
      },
      {
         "CATEGORY":"COMMON",
         "NAME":"FM",
         "LABEL":"Federated States of Micronesia",
         "LTYPE":"USSTATES",
         "ID":"501",
         "PARENT_ID":"100"
      },
      {
         "CATEGORY":"COMMON",
         "NAME":"FL",
         "LABEL":"Florida",
         "LTYPE":"USSTATES",
         "ID":"109",
         "PARENT_ID":"100"
      },
      {
         "CATEGORY":"COMMON",
         "NAME":"GA",
         "LABEL":"Georgia",
         "LTYPE":"USSTATES",
         "ID":"110",
         "PARENT_ID":"100"
      },
      {
         "CATEGORY":"COMMON",
         "NAME":"GU",
         "LABEL":"Guam",
         "LTYPE":"USSTATES",
         "ID":"502",
         "PARENT_ID":"100"
      },
      {
         "CATEGORY":"COMMON",
         "NAME":"HI",
         "LABEL":"Hawaii",
         "LTYPE":"USSTATES",
         "ID":"111",
         "PARENT_ID":"100"
      },
      {
         "CATEGORY":"COMMON",
         "NAME":"ID",
         "LABEL":"Idaho",
         "LTYPE":"USSTATES",
         "ID":"112",
         "PARENT_ID":"100"
      },
      {
         "CATEGORY":"COMMON",
         "NAME":"IL",
         "LABEL":"Illinois",
         "LTYPE":"USSTATES",
         "ID":"113",
         "PARENT_ID":"100"
      },
      {
         "CATEGORY":"COMMON",
         "NAME":"IN",
         "LABEL":"Indiana",
         "LTYPE":"USSTATES",
         "ID":"114",
         "PARENT_ID":"100"
      },
      {
         "CATEGORY":"COMMON",
         "NAME":"IA",
         "LABEL":"Iowa",
         "LTYPE":"USSTATES",
         "ID":"115",
         "PARENT_ID":"100"
      },
      {
         "CATEGORY":"COMMON",
         "NAME":"KS",
         "LABEL":"Kansas",
         "LTYPE":"USSTATES",
         "ID":"116",
         "PARENT_ID":"100"
      },
      {
         "CATEGORY":"COMMON",
         "NAME":"KY",
         "LABEL":"Kentucky",
         "LTYPE":"USSTATES",
         "ID":"117",
         "PARENT_ID":"100"
      },
      {
         "CATEGORY":"COMMON",
         "NAME":"LA",
         "LABEL":"Louisiana",
         "LTYPE":"USSTATES",
         "ID":"118",
         "PARENT_ID":"100"
      },
      {
         "CATEGORY":"COMMON",
         "NAME":"ME",
         "LABEL":"Maine",
         "LTYPE":"USSTATES",
         "ID":"119",
         "PARENT_ID":"100"
      },
      {
         "CATEGORY":"COMMON",
         "NAME":"MH",
         "LABEL":"Marshall Islands",
         "LTYPE":"USSTATES",
         "ID":"503",
         "PARENT_ID":"100"
      },
      {
         "CATEGORY":"COMMON",
         "NAME":"MD",
         "LABEL":"Maryland",
         "LTYPE":"USSTATES",
         "ID":"120",
         "PARENT_ID":"100"
      },
      {
         "CATEGORY":"COMMON",
         "NAME":"MA",
         "LABEL":"Massachusetts",
         "LTYPE":"USSTATES",
         "ID":"121",
         "PARENT_ID":"100"
      },
      {
         "CATEGORY":"COMMON",
         "NAME":"MI",
         "LABEL":"Michigan",
         "LTYPE":"USSTATES",
         "ID":"122",
         "PARENT_ID":"100"
      },
      {
         "CATEGORY":"COMMON",
         "NAME":"MN",
         "LABEL":"Minnesota",
         "LTYPE":"USSTATES",
         "ID":"123",
         "PARENT_ID":"100"
      },
      {
         "CATEGORY":"COMMON",
         "NAME":"MS",
         "LABEL":"Mississippi",
         "LTYPE":"USSTATES",
         "ID":"124",
         "PARENT_ID":"100"
      },
      {
         "CATEGORY":"COMMON",
         "NAME":"MO",
         "LABEL":"Missouri",
         "LTYPE":"USSTATES",
         "ID":"125",
         "PARENT_ID":"100"
      },
      {
         "CATEGORY":"COMMON",
         "NAME":"MT",
         "LABEL":"Montana",
         "LTYPE":"USSTATES",
         "ID":"126",
         "PARENT_ID":"100"
      },
      {
         "CATEGORY":"COMMON",
         "NAME":"NE",
         "LABEL":"Nebraska",
         "LTYPE":"USSTATES",
         "ID":"127",
         "PARENT_ID":"100"
      },
      {
         "CATEGORY":"COMMON",
         "NAME":"NV",
         "LABEL":"Nevada",
         "LTYPE":"USSTATES",
         "ID":"128",
         "PARENT_ID":"100"
      },
      {
         "CATEGORY":"COMMON",
         "NAME":"NH",
         "LABEL":"New Hampshire",
         "LTYPE":"USSTATES",
         "ID":"129",
         "PARENT_ID":"100"
      },
      {
         "CATEGORY":"COMMON",
         "NAME":"NJ",
         "LABEL":"New Jersey",
         "LTYPE":"USSTATES",
         "ID":"130",
         "PARENT_ID":"100"
      },
      {
         "CATEGORY":"COMMON",
         "NAME":"NM",
         "LABEL":"New Mexico",
         "LTYPE":"USSTATES",
         "ID":"131",
         "PARENT_ID":"100"
      },
      {
         "CATEGORY":"COMMON",
         "NAME":"NY",
         "LABEL":"New York",
         "LTYPE":"USSTATES",
         "ID":"132",
         "PARENT_ID":"100"
      },
      {
         "CATEGORY":"COMMON",
         "NAME":"NC",
         "LABEL":"North Carolina",
         "LTYPE":"USSTATES",
         "ID":"133",
         "PARENT_ID":"100"
      },
      {
         "CATEGORY":"COMMON",
         "NAME":"ND",
         "LABEL":"North Dakota",
         "LTYPE":"USSTATES",
         "ID":"134",
         "PARENT_ID":"100"
      },
      {
         "CATEGORY":"COMMON",
         "NAME":"MP",
         "LABEL":"Northern Mariana Islands",
         "LTYPE":"USSTATES",
         "ID":"504",
         "PARENT_ID":"100"
      },
      {
         "CATEGORY":"COMMON",
         "NAME":"OH",
         "LABEL":"Ohio",
         "LTYPE":"USSTATES",
         "ID":"135",
         "PARENT_ID":"100"
      },
      {
         "CATEGORY":"COMMON",
         "NAME":"OK",
         "LABEL":"Oklahoma",
         "LTYPE":"USSTATES",
         "ID":"136",
         "PARENT_ID":"100"
      },
      {
         "CATEGORY":"COMMON",
         "NAME":"OR",
         "LABEL":"Oregon",
         "LTYPE":"USSTATES",
         "ID":"137",
         "PARENT_ID":"100"
      },
      {
         "CATEGORY":"COMMON",
         "NAME":"ZZ",
         "LABEL":"Other Non US",
         "LTYPE":"USSTATES",
         "ID":"508",
         "PARENT_ID":"100"
      },
      {
         "CATEGORY":"COMMON",
         "NAME":"PW",
         "LABEL":"Palau",
         "LTYPE":"USSTATES",
         "ID":"506",
         "PARENT_ID":"100"
      },
      {
         "CATEGORY":"COMMON",
         "NAME":"PA",
         "LABEL":"Pennsylvania",
         "LTYPE":"USSTATES",
         "ID":"138",
         "PARENT_ID":"100"
      },
      {
         "CATEGORY":"COMMON",
         "NAME":"PR",
         "LABEL":"Puerto Rico",
         "LTYPE":"USSTATES",
         "ID":"505",
         "PARENT_ID":"100"
      },
      {
         "CATEGORY":"COMMON",
         "NAME":"RI",
         "LABEL":"Rhode Island",
         "LTYPE":"USSTATES",
         "ID":"139",
         "PARENT_ID":"100"
      },
      {
         "CATEGORY":"COMMON",
         "NAME":"SC",
         "LABEL":"South Carolina",
         "LTYPE":"USSTATES",
         "ID":"140",
         "PARENT_ID":"100"
      },
      {
         "CATEGORY":"COMMON",
         "NAME":"SD",
         "LABEL":"South Dakota",
         "LTYPE":"USSTATES",
         "ID":"141",
         "PARENT_ID":"100"
      },
      {
         "CATEGORY":"COMMON",
         "NAME":"TN",
         "LABEL":"Tennessee",
         "LTYPE":"USSTATES",
         "ID":"142",
         "PARENT_ID":"100"
      },
      {
         "CATEGORY":"COMMON",
         "NAME":"TX",
         "LABEL":"Texas",
         "LTYPE":"USSTATES",
         "ID":"143",
         "PARENT_ID":"100"
      },
      {
         "CATEGORY":"COMMON",
         "NAME":"UT",
         "LABEL":"Utah",
         "LTYPE":"USSTATES",
         "ID":"144",
         "PARENT_ID":"100"
      },
      {
         "CATEGORY":"COMMON",
         "NAME":"VT",
         "LABEL":"Vermont",
         "LTYPE":"USSTATES",
         "ID":"145",
         "PARENT_ID":"100"
      },
      {
         "CATEGORY":"COMMON",
         "NAME":"VI",
         "LABEL":"Virgin Islands, U.S.",
         "LTYPE":"USSTATES",
         "ID":"507",
         "PARENT_ID":"100"
      },
      {
         "CATEGORY":"COMMON",
         "NAME":"VA",
         "LABEL":"Virginia",
         "LTYPE":"USSTATES",
         "ID":"146",
         "PARENT_ID":"100"
      },
      {
         "CATEGORY":"COMMON",
         "NAME":"WA",
         "LABEL":"Washington",
         "LTYPE":"USSTATES",
         "ID":"147",
         "PARENT_ID":"100"
      },
      {
         "CATEGORY":"COMMON",
         "NAME":"WV",
         "LABEL":"West Virginia",
         "LTYPE":"USSTATES",
         "ID":"148",
         "PARENT_ID":"100"
      },
      {
         "CATEGORY":"COMMON",
         "NAME":"WI",
         "LABEL":"Wisconsin",
         "LTYPE":"USSTATES",
         "ID":"149",
         "PARENT_ID":"100"
      },
      {
         "CATEGORY":"COMMON",
         "NAME":"WY",
         "LABEL":"Wyoming",
         "LTYPE":"USSTATES",
         "ID":"150",
         "PARENT_ID":"100"
      },
      {
         "CATEGORY":"VAPORTAL",
         "NAME":"528A8",
         "LABEL":"ALBANY VAMC",
         "LTYPE":"VAMC_NAME",
         "ID":"51226360",
         "PARENT_ID":"2480493"
      },
      {
         "CATEGORY":"VAPORTAL",
         "NAME":"501",
         "LABEL":"ALBUQUERQUE VAMC",
         "LTYPE":"VAMC_NAME",
         "ID":"51226353",
         "PARENT_ID":"2480493"
      },
      {
         "CATEGORY":"VAPORTAL",
         "NAME":"502",
         "LABEL":"ALEXANDRIA VAMC",
         "LTYPE":"VAMC_NAME",
         "ID":"51226354",
         "PARENT_ID":"2480493"
      },
      {
         "CATEGORY":"VAPORTAL",
         "NAME":"504",
         "LABEL":"AMARILLO VAMC",
         "LTYPE":"VAMC_NAME",
         "ID":"51226355",
         "PARENT_ID":"2480493"
      },
      {
         "CATEGORY":"VAPORTAL",
         "NAME":"463",
         "LABEL":"ANCHORAGE VAMC",
         "LTYPE":"VAMC_NAME",
         "ID":"51226352",
         "PARENT_ID":"2480493"
      },
      {
         "CATEGORY":"VAPORTAL",
         "NAME":"519",
         "LABEL":"BIG SPRING VAMC",
         "LTYPE":"VAMC_NAME",
         "ID":"51226356",
         "PARENT_ID":"2480493"
      },
      {
         "CATEGORY":"VAPORTAL",
         "NAME":"520",
         "LABEL":"BILOXI VAMC",
         "LTYPE":"VAMC_NAME",
         "ID":"51226357",
         "PARENT_ID":"2480493"
      },
      {
         "CATEGORY":"VAPORTAL",
         "NAME":"531",
         "LABEL":"BOISE VAMC",
         "LTYPE":"VAMC_NAME",
         "ID":"51226361",
         "PARENT_ID":"2480493"
      },
      {
         "CATEGORY":"VAPORTAL",
         "NAME":"523",
         "LABEL":"BOSTON VAMC",
         "LTYPE":"VAMC_NAME",
         "ID":"51226358",
         "PARENT_ID":"2480493"
      },
      {
         "CATEGORY":"VAPORTAL",
         "NAME":"442",
         "LABEL":"CHEYENNE VAMC",
         "LTYPE":"VAMC_NAME",
         "ID":"51226350",
         "PARENT_ID":"2480493"
      },
      {
         "CATEGORY":"VAPORTAL",
         "NAME":"589A4",
         "LABEL":"COLUMBIA VAMC MISSOURI",
         "LTYPE":"VAMC_NAME",
         "ID":"51226371",
         "PARENT_ID":"2480493"
      },
      {
         "CATEGORY":"VAPORTAL",
         "NAME":"549",
         "LABEL":"DALLAS VAMC",
         "LTYPE":"VAMC_NAME",
         "ID":"51226362",
         "PARENT_ID":"2480493"
      },
      {
         "CATEGORY":"VAPORTAL",
         "NAME":"554",
         "LABEL":"DENVER VAMC",
         "LTYPE":"VAMC_NAME",
         "ID":"51226363",
         "PARENT_ID":"2480493"
      },
      {
         "CATEGORY":"VAPORTAL",
         "NAME":"756",
         "LABEL":"EL PASO VAMC",
         "LTYPE":"VAMC_NAME",
         "ID":"51226411",
         "PARENT_ID":"2480493"
      },
      {
         "CATEGORY":"VAPORTAL",
         "NAME":"564",
         "LABEL":"FAYETTEVILLE VAMC ARKANSAS",
         "LTYPE":"VAMC_NAME",
         "ID":"51226364",
         "PARENT_ID":"2480493"
      },
      {
         "CATEGORY":"VAPORTAL",
         "NAME":"570",
         "LABEL":"FRESNO VAMC",
         "LTYPE":"VAMC_NAME",
         "ID":"51226365",
         "PARENT_ID":"2480493"
      },
      {
         "CATEGORY":"VAPORTAL",
         "NAME":"575",
         "LABEL":"GRAND JUNCTION VAMC",
         "LTYPE":"VAMC_NAME",
         "ID":"51226366",
         "PARENT_ID":"2480493"
      },
      {
         "CATEGORY":"VAPORTAL",
         "NAME":"691",
         "LABEL":"GREATER LOS ANGELES VAMC",
         "LTYPE":"VAMC_NAME",
         "ID":"51226408",
         "PARENT_ID":"2480493"
      },
      {
         "CATEGORY":"VAPORTAL",
         "NAME":"740",
         "LABEL":"HARLINGEN VAMC",
         "LTYPE":"VAMC_NAME",
         "ID":"51226410",
         "PARENT_ID":"2480493"
      },
      {
         "CATEGORY":"VAPORTAL",
         "NAME":"459",
         "LABEL":"HONOLULU VAMC",
         "LTYPE":"VAMC_NAME",
         "ID":"51226351",
         "PARENT_ID":"2480493"
      },
      {
         "CATEGORY":"VAPORTAL",
         "NAME":"580",
         "LABEL":"HOUSTON VAMC",
         "LTYPE":"VAMC_NAME",
         "ID":"51226367",
         "PARENT_ID":"2480493"
      },
      {
         "CATEGORY":"VAPORTAL",
         "NAME":"581",
         "LABEL":"HUNTINGTON VAMC",
         "LTYPE":"VAMC_NAME",
         "ID":"51226368",
         "PARENT_ID":"2480493"
      },
      {
         "CATEGORY":"VAPORTAL",
         "NAME":"586",
         "LABEL":"JACKSON VAMC",
         "LTYPE":"VAMC_NAME",
         "ID":"51226369",
         "PARENT_ID":"2480493"
      },
      {
         "CATEGORY":"VAPORTAL",
         "NAME":"589",
         "LABEL":"KANSAS CITY VAMC",
         "LTYPE":"VAMC_NAME",
         "ID":"51226370",
         "PARENT_ID":"2480493"
      },
      {
         "CATEGORY":"VAPORTAL",
         "NAME":"595",
         "LABEL":"LEBANON VAMC",
         "LTYPE":"VAMC_NAME",
         "ID":"51226375",
         "PARENT_ID":"2480493"
      },
      {
         "CATEGORY":"VAPORTAL",
         "NAME":"596",
         "LABEL":"LEXINGTON VAMC",
         "LTYPE":"VAMC_NAME",
         "ID":"51226376",
         "PARENT_ID":"2480493"
      },
      {
         "CATEGORY":"VAPORTAL",
         "NAME":"598",
         "LABEL":"LITTLE ROCK VAMC",
         "LTYPE":"VAMC_NAME",
         "ID":"51226377",
         "PARENT_ID":"2480493"
      },
      {
         "CATEGORY":"VAPORTAL",
         "NAME":"605",
         "LABEL":"LOMA LINDA VAMC",
         "LTYPE":"VAMC_NAME",
         "ID":"51226380",
         "PARENT_ID":"2480493"
      },
      {
         "CATEGORY":"VAPORTAL",
         "NAME":"600",
         "LABEL":"LONG BEACH VAMC",
         "LTYPE":"VAMC_NAME",
         "ID":"51226378",
         "PARENT_ID":"2480493"
      },
      {
         "CATEGORY":"VAPORTAL",
         "NAME":"603",
         "LABEL":"LOUISVILLE VAMC",
         "LTYPE":"VAMC_NAME",
         "ID":"51226379",
         "PARENT_ID":"2480493"
      },
      {
         "CATEGORY":"VAPORTAL",
         "NAME":"657A5",
         "LABEL":"MARION VAMC ILLINOIS",
         "LTYPE":"VAMC_NAME",
         "ID":"51226396",
         "PARENT_ID":"2480493"
      },
      {
         "CATEGORY":"VAPORTAL",
         "NAME":"614",
         "LABEL":"MEMPHIS VAMC",
         "LTYPE":"VAMC_NAME",
         "ID":"51226382",
         "PARENT_ID":"2480493"
      },
      {
         "CATEGORY":"VAPORTAL",
         "NAME":"436",
         "LABEL":"MONTANA VAMC",
         "LTYPE":"VAMC_NAME",
         "ID":"51226349",
         "PARENT_ID":"2480493"
      },
      {
         "CATEGORY":"VAPORTAL",
         "NAME":"621",
         "LABEL":"MOUNTAIN HOME VAMC",
         "LTYPE":"VAMC_NAME",
         "ID":"51226383",
         "PARENT_ID":"2480493"
      },
      {
         "CATEGORY":"VAPORTAL",
         "NAME":"623",
         "LABEL":"MUSKOGEE VAMC",
         "LTYPE":"VAMC_NAME",
         "ID":"51226384",
         "PARENT_ID":"2480493"
      },
      {
         "CATEGORY":"VAPORTAL",
         "NAME":"629",
         "LABEL":"NEW ORLEANS VAMC",
         "LTYPE":"VAMC_NAME",
         "ID":"51226386",
         "PARENT_ID":"2480493"
      },
      {
         "CATEGORY":"VAPORTAL",
         "NAME":"612",
         "LABEL":"NORTHERN CA HCS SACRAMENTO VAMC",
         "LTYPE":"VAMC_NAME",
         "ID":"51226381",
         "PARENT_ID":"2480493"
      },
      {
         "CATEGORY":"VAPORTAL",
         "NAME":"635",
         "LABEL":"OKLAHOMA CITY VAMC",
         "LTYPE":"VAMC_NAME",
         "ID":"51226387",
         "PARENT_ID":"2480493"
      },
      {
         "CATEGORY":"VAPORTAL",
         "NAME":"640",
         "LABEL":"PALO ALTO VAMC",
         "LTYPE":"VAMC_NAME",
         "ID":"51226388",
         "PARENT_ID":"2480493"
      },
      {
         "CATEGORY":"VAPORTAL",
         "NAME":"644",
         "LABEL":"PHOENIX VAMC",
         "LTYPE":"VAMC_NAME",
         "ID":"51226389",
         "PARENT_ID":"2480493"
      },
      {
         "CATEGORY":"VAPORTAL",
         "NAME":"657A4",
         "LABEL":"POPLAR BLUFF VAMC",
         "LTYPE":"VAMC_NAME",
         "ID":"51226395",
         "PARENT_ID":"2480493"
      },
      {
         "CATEGORY":"VAPORTAL",
         "NAME":"648",
         "LABEL":"PORTLAND VAMC",
         "LTYPE":"VAMC_NAME",
         "ID":"51226390",
         "PARENT_ID":"2480493"
      },
      {
         "CATEGORY":"VAPORTAL",
         "NAME":"649",
         "LABEL":"PRESCOTT VAMC",
         "LTYPE":"VAMC_NAME",
         "ID":"51226391",
         "PARENT_ID":"2480493"
      },
      {
         "CATEGORY":"VAPORTAL",
         "NAME":"663A4",
         "LABEL":"PUGET SOUND HCS AMERICAN LAKE VAMC",
         "LTYPE":"VAMC_NAME",
         "ID":"51226399",
         "PARENT_ID":"2480493"
      },
      {
         "CATEGORY":"VAPORTAL",
         "NAME":"654",
         "LABEL":"RENO VAMC",
         "LTYPE":"VAMC_NAME",
         "ID":"51226393",
         "PARENT_ID":"2480493"
      },
      {
         "CATEGORY":"VAPORTAL",
         "NAME":"653",
         "LABEL":"ROSEBURG VAMC",
         "LTYPE":"VAMC_NAME",
         "ID":"51226392",
         "PARENT_ID":"2480493"
      },
      {
         "CATEGORY":"VAPORTAL",
         "NAME":"660",
         "LABEL":"SALT LAKE CITY VAMC",
         "LTYPE":"VAMC_NAME",
         "ID":"51226397",
         "PARENT_ID":"2480493"
      },
      {
         "CATEGORY":"VAPORTAL",
         "NAME":"671",
         "LABEL":"SAN ANTONIO VAMC",
         "LTYPE":"VAMC_NAME",
         "ID":"51226404",
         "PARENT_ID":"2480493"
      },
      {
         "CATEGORY":"VAPORTAL",
         "NAME":"664",
         "LABEL":"SAN DIEGO VAMC",
         "LTYPE":"VAMC_NAME",
         "ID":"51226400",
         "PARENT_ID":"2480493"
      },
      {
         "CATEGORY":"VAPORTAL",
         "NAME":"662",
         "LABEL":"SAN FRANCISCO VAMC",
         "LTYPE":"VAMC_NAME",
         "ID":"51226398",
         "PARENT_ID":"2480493"
      },
      {
         "CATEGORY":"VAPORTAL",
         "NAME":"666",
         "LABEL":"SHERIDAN VAMC",
         "LTYPE":"VAMC_NAME",
         "ID":"51226401",
         "PARENT_ID":"2480493"
      },
      {
         "CATEGORY":"VAPORTAL",
         "NAME":"667",
         "LABEL":"SHREVEPORT VAMC",
         "LTYPE":"VAMC_NAME",
         "ID":"51226402",
         "PARENT_ID":"2480493"
      },
      {
         "CATEGORY":"VAPORTAL",
         "NAME":"593",
         "LABEL":"SOUTHERN NEVADA VA HCS VAMC",
         "LTYPE":"VAMC_NAME",
         "ID":"51226374",
         "PARENT_ID":"2480493"
      },
      {
         "CATEGORY":"VAPORTAL",
         "NAME":"668",
         "LABEL":"SPOKANE VAMC",
         "LTYPE":"VAMC_NAME",
         "ID":"51226403",
         "PARENT_ID":"2480493"
      },
      {
         "CATEGORY":"VAPORTAL",
         "NAME":"657",
         "LABEL":"ST LOUIS VAMC",
         "LTYPE":"VAMC_NAME",
         "ID":"51226394",
         "PARENT_ID":"2480493"
      },
      {
         "CATEGORY":"VAPORTAL",
         "NAME":"528A7",
         "LABEL":"SYRACUSE VAMC",
         "LTYPE":"VAMC_NAME",
         "ID":"51226359",
         "PARENT_ID":"2480493"
      },
      {
         "CATEGORY":"VAPORTAL",
         "NAME":"674",
         "LABEL":"TEMPLE VAMC",
         "LTYPE":"VAMC_NAME",
         "ID":"51226405",
         "PARENT_ID":"2480493"
      },
      {
         "CATEGORY":"VAPORTAL",
         "NAME":"626",
         "LABEL":"TENNESSEE VALLEY VAMC",
         "LTYPE":"VAMC_NAME",
         "ID":"51226385",
         "PARENT_ID":"2480493"
      },
      {
         "CATEGORY":"VAPORTAL",
         "NAME":"402",
         "LABEL":"TOGUS VAMC",
         "LTYPE":"VAMC_NAME",
         "ID":"51226348",
         "PARENT_ID":"2480493"
      },
      {
         "CATEGORY":"VAPORTAL",
         "NAME":"589A5",
         "LABEL":"TOPEKA VAMC",
         "LTYPE":"VAMC_NAME",
         "ID":"51226372",
         "PARENT_ID":"2480493"
      },
      {
         "CATEGORY":"VAPORTAL",
         "NAME":"991",
         "LABEL":"TRIWEST VAMC 1",
         "LTYPE":"VAMC_NAME",
         "ID":"51226412",
         "PARENT_ID":"2480493"
      },
      {
         "CATEGORY":"VAPORTAL",
         "NAME":"992",
         "LABEL":"TRIWEST VAMC 2",
         "LTYPE":"VAMC_NAME",
         "ID":"51226413",
         "PARENT_ID":"2480493"
      },
      {
         "CATEGORY":"VAPORTAL",
         "NAME":"993",
         "LABEL":"TRIWEST VAMC 3",
         "LTYPE":"VAMC_NAME",
         "ID":"51226414",
         "PARENT_ID":"2480493"
      },
      {
         "CATEGORY":"VAPORTAL",
         "NAME":"994",
         "LABEL":"TRIWEST VAMC 4",
         "LTYPE":"VAMC_NAME",
         "ID":"51226415",
         "PARENT_ID":"2480493"
      },
      {
         "CATEGORY":"VAPORTAL",
         "NAME":"678",
         "LABEL":"TUCSON VAMC",
         "LTYPE":"VAMC_NAME",
         "ID":"51226406",
         "PARENT_ID":"2480493"
      },
      {
         "CATEGORY":"VAPORTAL",
         "NAME":"687",
         "LABEL":"WALLA WALLA VAMC",
         "LTYPE":"VAMC_NAME",
         "ID":"51226407",
         "PARENT_ID":"2480493"
      },
      {
         "CATEGORY":"VAPORTAL",
         "NAME":"692",
         "LABEL":"WHITE CITY SORCC VAMC",
         "LTYPE":"VAMC_NAME",
         "ID":"51226409",
         "PARENT_ID":"2480493"
      },
      {
         "CATEGORY":"VAPORTAL",
         "NAME":"589A7",
         "LABEL":"WICHITA VAMC",
         "LTYPE":"VAMC_NAME",
         "ID":"51226373",
         "PARENT_ID":"2480493"
      }
   ]
}
